"Protein.IDs","my_label","Gene.names","difference_RNase_WT","log10.pvalue_RNase_WT","log2.LFQ.intensity.RNase_01","log2.LFQ.intensity.RNase_02","log2.LFQ.intensity.RNase_03","log2.LFQ.intensity.RNase_04","imputed.log2.LFQ.intensity.RNase_01","imputed.log2.LFQ.intensity.RNase_02","imputed.log2.LFQ.intensity.RNase_03","imputed.log2.LFQ.intensity.RNase_04","value_count_RNase","log2.LFQ.intensity.WT_01","log2.LFQ.intensity.WT_02","log2.LFQ.intensity.WT_03","log2.LFQ.intensity.WT_04","imputed.log2.LFQ.intensity.WT_01","imputed.log2.LFQ.intensity.WT_02","imputed.log2.LFQ.intensity.WT_03","imputed.log2.LFQ.intensity.WT_04","value_count_WT"
"YER013W","PRP22","PRP22",4.8937856538214,4.42665075370784,27.8950426932991,27.6425815794085,27.3751752207998,27.7547447112787,27.8950426932991,27.6425815794085,27.3751752207998,27.7547447112787,4,NA,NA,NA,NA,23.3260842283021,22.8174890153097,22.8084667687927,22.140361577096,0
"YNL112W-TAP","DBP2-TAP","DBP2-TAP",3.7823485868583,3.64466439277001,26.794143940802,26.6250555268235,26.1269752287344,26.5314665382899,26.794143940802,26.6250555268235,26.1269752287344,26.5314665382899,4,NA,NA,NA,NA,23.3770174934379,22.7272466093548,22.9032564591484,21.9407263252755,0
"YDL061C","RPS29B","RPS29B",2.26281392819179,2.24232074725813,24.9389434992518,25.1853309788769,25.0441019068782,25.2833735499156,24.9389434992518,25.1853309788769,25.0441019068782,25.2833735499156,4,NA,NA,NA,NA,23.353603487597,23.1017041412176,23.1114619545438,21.8337246387969,0
"YDR033W;YBR054W","MRH1","MRH1",2.65927939435069,1.76235666580431,25.5357585307992,26.1327907332264,26.0442061561351,25.9626990590076,25.5357585307992,26.1327907332264,26.0442061561351,25.9626990590076,4,NA,NA,24.7021862159804,NA,23.4092296332683,23.0663521267387,24.7021862159804,21.860568925778,1
