"ID","Description","GeneRatio","BgRatio","pvalue","p.adjust","qvalue","geneID","Count"
"sce03018","RNA degradation","4/18","13/340",0.00294422567345131,0.0441633851017696,0.043388588871914,"852702/851114/856912/853397",4
