"ID","Description","GeneRatio","BgRatio","pvalue","p.adjust","qvalue","geneID","Count"
"sce01100","Metabolic pathways","13/15","175/442",0.000196939789720898,0.00315103663553437,0.00228035545992619,"851705/851152/856626/853653/855845/855266/853169/856638/851920/852565/852113/854948/854501",13
