"ID","Description","GeneRatio","BgRatio","pvalue","p.adjust","qvalue","geneID","Count"
"sce04141","Protein processing in endoplasmic reticulum","7/36","17/324",0.00100647939091043,0.0140907114727461,0.0127134238851844,"850636/851259/855512/855836/851332/855998/852467",7
