"ID","Description","GeneRatio","BgRatio","pvalue","p.adjust","qvalue","geneID","Count"
"sce01100","Metabolic pathways","42/68","198/469",0.000365420878764597,0.00713179626767104,0.00536225283283537,"853427/853573/856615/851069/850747/853059/854758/850327/852241/853567/856579/852858/853465/856819/852617/851560/852639/850614/855107/851073/853106/850370/854913/851346/856268/855288/853155/853585/852177/853473/851620/855149/856589/853172/851068/855257/853091/852551/853086/851152/852606/852495",42
"sce01110","Biosynthesis of secondary metabolites","32/68","136/469",0.000486572336595002,0.00713179626767104,0.00536225283283537,"856615/851069/850747/853059/850327/856579/852858/853465/856819/852617/852639/850614/855107/851073/853106/850370/854913/851346/856268/854095/853155/853473/851620/855149/856589/853172/851068/852551/853086/851152/852606/852495",32
"sce01200","Carbon metabolism","15/68","45/469",0.000611296822943232,0.00713179626767104,0.00536225283283537,"850747/856579/853465/856819/852639/850614/853106/850370/853155/851620/856589/853172/851068/852495/853839",15
