"ID","Description","GeneRatio","BgRatio","pvalue","p.adjust","qvalue","geneID","Count"
"sce01100","Metabolic pathways","8/15","39/179",0.00513403176312585,0.0256701588156293,0.0108084879223702,"853585/853653/850370/851069/851193/856579/855750/855845",8
"sce01230","Biosynthesis of amino acids","4/15","14/179",0.0196085949300099,0.0490214873250248,0.0206406262421157,"850370/851069/851193/856579",4
