"ID","Description","GeneRatio","BgRatio","pvalue","p.adjust","qvalue","geneID","Count"
"sce00010","Glycolysis / Gluconeogenesis","18/65","30/386",2.37745281301052e-08,5.94363203252631e-07,4.00413105349141e-07,"853169/856579/853106/853705/852639/855245/851620/850370/853465/854068/855349/852495/850733/850825/851193/853805/853155/855107",18
"sce01100","Metabolic pathways","44/65","158/386",1.69424769674127e-06,2.11780962092659e-05,1.42673490251896e-05,"850307/851152/856182/854913/852177/851068/853169/856579/853106/852606/853705/850747/852639/855245/853664/851620/850370/853465/852065/854068/855349/855149/854758/852495/851812/850733/850825/851193/856766/853805/856188/853604/851221/853091/853155/856147/851073/855107/851069/855845/850327/853653/853585/851272",44
"sce01110","Biosynthesis of secondary metabolites","32/65","103/386",1.5262740971822e-05,0.000127189508098516,8.56855633505795e-05,"851152/854913/851068/853169/856579/853106/852606/853705/850747/852639/855245/851620/850370/853465/854068/855349/855149/852495/851812/850733/850825/851193/853805/856188/853604/851221/853155/851073/855107/851069/850327/851272",32
"sce01230","Biosynthesis of amino acids","19/65","56/386",0.000534537176507821,0.00334085735317388,0.00225068284845398,"851068/853169/856579/853106/853705/850747/855245/851620/850370/853465/851193/853805/856188/853604/851221/853155/856147/851069/850327",19
"sce00680","Methane metabolism","7/65","12/386",0.00112079101552209,0.00514629458413569,0.00346697740404931,"853169/856579/853705/850747/855245/853805/853155",7
"sce01200","Carbon metabolism","16/65","46/386",0.00123511070019256,0.00514629458413569,0.00346697740404931,"851068/853169/856579/853106/853705/850747/852639/855245/851620/850370/853465/852495/851193/853805/856188/853155",16
"sce00230","Purine metabolism","8/65","19/386",0.006882718046877,0.0245811358817036,0.0165599231203056,"850307/851152/852065/855149/851812/853091/851073/851272",8
"sce00970","Aminoacyl-tRNA biosynthesis","7/65","17/386",0.0134448491665405,0.0420151536454391,0.0283049456137695,"852606/856413/852986/856412/854732/850643/852202",7
