"ID","Description","GeneRatio","BgRatio","pvalue","p.adjust","qvalue","geneID","Count"
"GO:0030173","integral component of Golgi membrane","1/1","20/2815",0.00710479573712253,0.0319715808170514,0.0149574647097316,"TVP23",1
"GO:0031228","intrinsic component of Golgi membrane","1/1","20/2815",0.00710479573712253,0.0319715808170514,0.0149574647097316,"TVP23",1
