"ID","Description","GeneRatio","BgRatio","pvalue","p.adjust","qvalue","geneID","Count"
"GO:0000375","RNA splicing, via transesterification reactions","8/38","20/609",7.95285910431921e-06,0.00107363597908309,0.00107363597908309,"PML1/MSS116/HSH155/PRP8/PRP19/SNU114/BRR2/IST3",8
"GO:0000377","RNA splicing, via transesterification reactions with bulged adenosine as nucleophile","8/38","20/609",7.95285910431921e-06,0.00107363597908309,0.00107363597908309,"PML1/MSS116/HSH155/PRP8/PRP19/SNU114/BRR2/IST3",8
"GO:0008380","RNA splicing","8/38","20/609",7.95285910431921e-06,0.00107363597908309,0.00107363597908309,"PML1/MSS116/HSH155/PRP8/PRP19/SNU114/BRR2/IST3",8
"GO:0006397","mRNA processing","8/38","25/609",5.42653418357876e-05,0.00496369600889601,0.00496369600889601,"PML1/MSS116/HSH155/PRP8/PRP19/SNU114/BRR2/IST3",8
"GO:0000398","mRNA splicing, via spliceosome","7/38","19/609",6.12801976406915e-05,0.00496369600889601,0.00496369600889601,"PML1/HSH155/PRP8/PRP19/SNU114/BRR2/IST3",7
