"ID","Description","GeneRatio","BgRatio","pvalue","p.adjust","qvalue","geneID","Count"
"R-SCE-430039","mRNA decay by 5' to 3' exoribonuclease","10/41","11/580",1.06752823823977e-11,7.79295613915035e-10,7.75362615142573e-10,"850440/853318/856848/855575/854016/852255/851394/851159/856700/855605",10
"R-SCE-429914","Deadenylation-dependent mRNA decay","11/41","25/580",1.22985305153767e-07,4.48896363811249e-06,4.466308450321e-06,"850440/853318/856848/855575/854016/852255/851394/851159/856700/855605/856319",11
"R-SCE-8953854","Metabolism of RNA","24/41","188/580",0.00031744933210988,0.00772460041467376,0.00768561540897605,"850440/853318/856848/855575/854016/852255/851394/855104/851159/850422/853529/855884/854399/855158/851104/851217/851787/856700/852282/852754/855415/854029/855605/856319",24
