"ID","Description","GeneRatio","BgRatio","pvalue","p.adjust","qvalue","geneID","Count"
"GO:0000398","mRNA splicing, via spliceosome","18/39","37/692",3.7429069848752e-15,6.08590978746385e-13,5.71659932324769e-13,"STO1/CBC2/PRP40/SNU71/PRP39/MUD1/BRR2/YHC1/LUC7/SNU56/SNU114/NRD1/SNP1/PRP19/SMD2/PRP8/PRP42/SMB1",18
"GO:0000375","RNA splicing, via transesterification reactions","18/39","38/692",6.89621505661626e-15,6.08590978746385e-13,5.71659932324769e-13,"STO1/CBC2/PRP40/SNU71/PRP39/MUD1/BRR2/YHC1/LUC7/SNU56/SNU114/NRD1/SNP1/PRP19/SMD2/PRP8/PRP42/SMB1",18
"GO:0000377","RNA splicing, via transesterification reactions with bulged adenosine as nucleophile","18/39","38/692",6.89621505661626e-15,6.08590978746385e-13,5.71659932324769e-13,"STO1/CBC2/PRP40/SNU71/PRP39/MUD1/BRR2/YHC1/LUC7/SNU56/SNU114/NRD1/SNP1/PRP19/SMD2/PRP8/PRP42/SMB1",18
"GO:0008380","RNA splicing","18/39","38/692",6.89621505661626e-15,6.08590978746385e-13,5.71659932324769e-13,"STO1/CBC2/PRP40/SNU71/PRP39/MUD1/BRR2/YHC1/LUC7/SNU56/SNU114/NRD1/SNP1/PRP19/SMD2/PRP8/PRP42/SMB1",18
"GO:0006397","mRNA processing","19/39","50/692",1.44234558234965e-13,1.01829598113885e-11,9.5650285987398e-12,"STO1/CBC2/PRP40/SNU71/PRP39/MUD1/BRR2/YHC1/LUC7/SNU56/SNU114/NRD1/SNP1/PRP19/SMD2/PRP8/PRP42/SMB1/NAB3",19
"GO:0016071","mRNA metabolic process","20/39","71/692",1.85931282443576e-11,1.09389571170971e-09,1.02751498192503e-09,"STO1/CBC2/PRP40/SNU71/PRP39/MUD1/BRR2/YHC1/LUC7/SNU56/SNU114/NRD1/SNP1/PRP19/SMD2/PRP8/PRP42/SMB1/NAB3/PAP2",20
"GO:0006396","RNA processing","21/39","167/692",3.62405988374368e-05,0.00182756162708789,0.00171665994493122,"STO1/CBC2/PRP40/SNU71/PRP39/MUD1/BRR2/YHC1/LUC7/SNU56/SNU114/NRD1/SNP1/PRP19/SMD2/PRP8/PRP42/SMB1/NOP12/NAB3/PAP2",21
"GO:0000245","spliceosomal complex assembly","5/39","11/692",0.000158517940816961,0.00699460413854838,0.00657015149438718,"PRP39/YHC1/LUC7/PRP8/PRP42",5
