"ID","Description","GeneRatio","BgRatio","pvalue","p.adjust","qvalue","geneID","Count"
"GO:0003678","DNA helicase activity","10/79","32/2834",6.25120942815287e-09,1.02519834621707e-06,9.87033067603085e-07,"YRF1-7/YRF1-3/YRF1-6/YRF1-5/YRF1-8/YRF1-1/YRF1-2/YRF1-4/ECM32/MCM7",10
"GO:0008094","ATP-dependent activity, acting on DNA","10/79","69/2834",1.42945610051219e-05,0.000891292660899005,0.000858112317938708,"YRF1-7/YRF1-3/YRF1-6/YRF1-5/YRF1-8/YRF1-1/YRF1-2/YRF1-4/ECM32/MCM7",10
"GO:0004386","helicase activity","10/79","70/2834",1.63041340408355e-05,0.000891292660899005,0.000858112317938708,"YRF1-7/YRF1-3/YRF1-6/YRF1-5/YRF1-8/YRF1-1/YRF1-2/YRF1-4/ECM32/MCM7",10
"GO:0140097","catalytic activity, acting on DNA","10/79","91/2834",0.00016422611787749,0.00673327083297709,0.00648260991621671,"YRF1-7/YRF1-3/YRF1-6/YRF1-5/YRF1-8/YRF1-1/YRF1-2/YRF1-4/ECM32/MCM7",10
