"ID","Description","GeneRatio","BgRatio","pvalue","p.adjust","qvalue","geneID","Count"
"sce00220","Arginine biosynthesis","5/57","14/1508",9.98218789650994e-05,0.00409269703756908,0.0032573455241243,"854096/856411/854557/856800/853357",5
"sce01230","Biosynthesis of amino acids","12/57","112/1508",0.000636803217364059,0.00896882204582922,0.00713821523544816,"856825/851493/855723/851820/855786/856819/853230/854096/856411/854275/856800/853357",12
"sce01210","2-Oxocarboxylic acid metabolism","6/57","30/1508",0.00065625527164604,0.00896882204582922,0.00713821523544816,"851493/855723/851820/853230/854275/856800",6
"sce03010","Ribosome","13/57","147/1508",0.00233011534350314,0.0238836822709071,0.0190088356969993,"855231/852443/853349/852553/856552/855436/851611/856094/855226/853578/855002/854321/853867",13
