"ID","Description","GeneRatio","BgRatio","pvalue","p.adjust","qvalue","geneID","Count"
"sce00500","Starch and sucrose metabolism","6/51","24/1403",0.000139726841435782,0.0062877078646102,0.00544199277170941,"856314/855131/850614/854872/850962/856289",6
