"ID","Description","GeneRatio","BgRatio","pvalue","p.adjust","qvalue","geneID","Count"
"GO:0016868","intramolecular transferase activity, phosphotransferases","6/110","15/3055",7.30765394627839e-06,0.00097743971073452,0.00091717651052382,"GPP2/PGM2/DOG2/DOG1/XPT1/GPM2",6
"GO:0016491","oxidoreductase activity","22/110","227/3055",1.11707395512517e-05,0.00097743971073452,0.00091717651052382,"IDH2/CYC1/TDH2/AIM17/IDH1/GDH2/PST2/CTT1/PDX3/ALD4/GCY1/TDH1/UGA2/PUT1/ZTA1/YFH1/ALD3/GRX1/ADI1/LOT6/ECM4/BDH2",22
"GO:0016798","hydrolase activity, acting on glycosyl bonds","7/110","29/3055",5.25156627000217e-05,0.00306341365750127,0.00287454153726435,"GLC3/EXG1/GDB1/DFG5/SCW11/POA1/SUN4",7
"GO:0004553","hydrolase activity, hydrolyzing O-glycosyl compounds","6/110","23/3055",0.000116373814569615,0.00509135438742064,0.00477745133496313,"GLC3/EXG1/GDB1/DFG5/SCW11/SUN4",6
"GO:0016866","intramolecular transferase activity","6/110","24/3055",0.000150657661565699,0.00527301815479947,0.00494791477984191,"GPP2/PGM2/DOG2/DOG1/XPT1/GPM2",6
"GO:0016620","oxidoreductase activity, acting on the aldehyde or oxo group of donors, NAD or NADP as acceptor","5/110","18/3055",0.000325406505390195,0.00949102307388068,0.00890586225278428,"TDH2/ALD4/TDH1/UGA2/ALD3",5
"GO:0016903","oxidoreductase activity, acting on the aldehyde or oxo group of donors","5/110","23/3055",0.00110636071068512,0.026358859389873,0.0247337267056853,"TDH2/ALD4/TDH1/UGA2/ALD3",5
"GO:0015926","glucosidase activity","4/110","14/3055",0.00120497642925134,0.026358859389873,0.0247337267056853,"EXG1/GDB1/SCW11/SUN4",4
"GO:0004857","enzyme inhibitor activity","5/110","26/3055",0.00198402868783721,0.0385783355968346,0.0361998216728192,"PBI2/IGO1/TFS1/SPL2/IGO2",5
