"ID","Description","GeneRatio","BgRatio","pvalue","p.adjust","qvalue","geneID","Count"
"R-SCE-429958","mRNA decay by 3' to 5' exoribonuclease","12/55","12/342",9.97671294370094e-11,5.2876578601615e-09,4.93584745635731e-09,"851447/855489/853062/852987/853109/851874/852659/851114/854023/856319/850401/856466",12
"R-SCE-429914","Deadenylation-dependent mRNA decay","12/55","14/342",7.02426202114704e-09,1.86142943560397e-07,1.73758060523111e-07,"851447/855489/853062/852987/853109/851874/852659/851114/854023/856319/850401/856466",12
"R-SCE-6791226","Major pathway of rRNA processing in the nucleolus and cytosol","21/55","44/342",7.85771635727521e-08,8.32917933871173e-07,7.77500355351442e-07,"851447/855489/856481/853062/853397/852987/853109/851874/852982/851125/852007/850883/852060/855884/855158/856255/854023/850401/852754/856466/854162",21
"R-SCE-72312","rRNA processing","21/55","44/342",7.85771635727521e-08,8.32917933871173e-07,7.77500355351442e-07,"851447/855489/856481/853062/853397/852987/853109/851874/852982/851125/852007/850883/852060/855884/855158/856255/854023/850401/852754/856466/854162",21
"R-SCE-8868773","rRNA processing in the nucleus and cytosol","21/55","44/342",7.85771635727521e-08,8.32917933871173e-07,7.77500355351442e-07,"851447/855489/856481/853062/853397/852987/853109/851874/852982/851125/852007/850883/852060/855884/855158/856255/854023/850401/852754/856466/854162",21
"R-SCE-8953854","Metabolism of RNA","33/55","143/342",0.00241071338825995,0.0212946349296296,0.0198778121488101,"851447/855489/856481/853062/853397/852987/853109/851874/852982/851104/851125/852007/850883/852659/852060/855884/854399/855158/851114/856255/854023/855826/854551/855415/854029/856319/850401/852754/856466/854162/852686/856868/850969",33
