"ID","Description","GeneRatio","BgRatio","pvalue","p.adjust","qvalue","geneID","Count"
"R-SCE-429958","mRNA decay by 3' to 5' exoribonuclease","11/22","12/386",1.33950512385424e-14,3.21481229725018e-13,2.53800970835541e-13,"853109/852987/853062/855489/851874/856466/851447/854138/850401/854023/856319",11
"R-SCE-429914","Deadenylation-dependent mRNA decay","11/22","15/386",1.40352222212715e-12,1.68422666655258e-11,1.32965263148888e-11,"853109/852987/853062/855489/851874/856466/851447/854138/850401/854023/856319",11
"R-SCE-6791226","Major pathway of rRNA processing in the nucleolus and cytosol","16/22","51/386",3.60001476015463e-11,1.72800708487422e-10,1.36421611963754e-10,"853109/852987/856481/853062/855489/851874/853397/855158/856466/851447/852282/850401/854023/850883/854162/850820",16
"R-SCE-72312","rRNA processing","16/22","51/386",3.60001476015463e-11,1.72800708487422e-10,1.36421611963754e-10,"853109/852987/856481/853062/855489/851874/853397/855158/856466/851447/852282/850401/854023/850883/854162/850820",16
"R-SCE-8868773","rRNA processing in the nucleus and cytosol","16/22","51/386",3.60001476015463e-11,1.72800708487422e-10,1.36421611963754e-10,"853109/852987/856481/853062/855489/851874/853397/855158/856466/851447/852282/850401/854023/850883/854162/850820",16
"R-SCE-8953854","Metabolism of RNA","20/22","155/386",5.29121271836763e-07,2.11648508734705e-06,1.67090927948452e-06,"853109/852987/856481/853062/855489/851874/853397/855158/856466/851447/854138/854118/852282/850401/851427/854023/850883/854162/856319/850820",20
