"ID","Description","GeneRatio","BgRatio","pvalue","p.adjust","qvalue","geneID","Count"
"R-SCE-983169","Class I MHC mediated antigen processing & presentation","7/20","25/359",0.000142031227682119,0.00220657465176852,0.0016995440193339,"856223/852037/854735/851557/853168/853670/854284",7
"R-SCE-1280218","Adaptive Immune System","7/20","26/359",0.000187850993606115,0.00220657465176852,0.0016995440193339,"856223/852037/854735/851557/853168/853670/854284",7
"R-SCE-1236975","Antigen processing-Cross presentation","6/20","20/359",0.000322913363673441,0.00220657465176852,0.0016995440193339,"856223/852037/854735/851557/853168/854284",6
"R-SCE-1236978","Cross-presentation of soluble exogenous antigens (endosomes)","6/20","20/359",0.000322913363673441,0.00220657465176852,0.0016995440193339,"856223/852037/854735/851557/853168/854284",6
"R-SCE-5668541","TNFR2 non-canonical NF-kB pathway","6/20","20/359",0.000322913363673441,0.00220657465176852,0.0016995440193339,"856223/852037/854735/851557/853168/854284",6
"R-SCE-5689880","Ub-specific processing proteases","6/20","20/359",0.000322913363673441,0.00220657465176852,0.0016995440193339,"856223/852037/854735/851557/853168/854284",6
"R-SCE-1280215","Cytokine Signaling in Immune system","6/20","21/359",0.000436340964143625,0.00223624744123608,0.0017223985426722,"856223/852037/854735/851557/853168/854284",6
"R-SCE-5688426","Deubiquitination","6/20","21/359",0.000436340964143625,0.00223624744123608,0.0017223985426722,"856223/852037/854735/851557/853168/854284",6
