"ID","Description","GeneRatio","BgRatio","pvalue","p.adjust","qvalue","geneID","Count"
"GO:0009306","protein secretion","1/1","14/2811",0.00498043400924941,0.016601446697498,0.00699008281999918,"TVP23",1
"GO:0035592","establishment of protein localization to extracellular region","1/1","14/2811",0.00498043400924941,0.016601446697498,0.00699008281999918,"TVP23",1
"GO:0071692","protein localization to extracellular region","1/1","14/2811",0.00498043400924941,0.016601446697498,0.00699008281999918,"TVP23",1
"GO:0032940","secretion by cell","1/1","57/2811",0.0202774813233725,0.0367603462587457,0.0154780405299982,"TVP23",1
"GO:0046903","secretion","1/1","57/2811",0.0202774813233725,0.0367603462587457,0.0154780405299982,"TVP23",1
"GO:0140352","export from cell","1/1","62/2811",0.0220562077552474,0.0367603462587457,0.0154780405299982,"TVP23",1
