"ID","Description","GeneRatio","BgRatio","pvalue","p.adjust","qvalue","geneID","Count"
"GO:0032543","mitochondrial translation","13/32","26/666",3.48576600712788e-12,9.38180940306001e-10,8.63683902500664e-10,"NAM9/MRPS9/RSM7/MRPS28/RSM10/PET123/RSM23/MRP13/MRP51/RSM28/MRP4/MRPS16/MRPS35",13
"GO:0140053","mitochondrial gene expression","13/32","27/666",6.53784627390941e-12,9.38180940306001e-10,8.63683902500664e-10,"NAM9/MRPS9/RSM7/MRPS28/RSM10/PET123/RSM23/MRP13/MRP51/RSM28/MRP4/MRPS16/MRPS35",13
"GO:0006406","mRNA export from nucleus","6/32","16/666",4.3397995341103e-05,0.00311380616572414,0.00286655179753075,"HPR1/MFT1/THP2/TEX1/THO2/HRB1",6
"GO:0071427","mRNA-containing ribonucleoprotein complex export from nucleus","6/32","16/666",4.3397995341103e-05,0.00311380616572414,0.00286655179753075,"HPR1/MFT1/THP2/TEX1/THO2/HRB1",6
"GO:0051028","mRNA transport","6/32","22/666",0.000328567882942322,0.0188597964808893,0.0173622186565311,"HPR1/MFT1/THP2/TEX1/THO2/HRB1",6
