"ID","Description","GeneRatio","BgRatio","pvalue","p.adjust","qvalue","geneID","Count"
"GO:0003735","structural constituent of ribosome","7/21","193/2835",0.000311373249933942,0.0126757341212863,0.0110495708623055,"MRPL19/MRP49/RSM26/RSM22/MRPS35/MRPS12/MRPL31",7
"GO:0090079","translation regulator activity, nucleic acid binding","4/21","52/2835",0.000478540257216924,0.0126757341212863,0.0110495708623055,"MEF1/TUF1/RRF1/MAM33",4
"GO:0045182","translation regulator activity","4/21","55/2835",0.000594175036935297,0.0126757341212863,0.0110495708623055,"MEF1/TUF1/RRF1/MAM33",4
"GO:0005198","structural molecule activity","7/21","250/2835",0.00150594133869628,0.0240950614191404,0.0210039186712902,"MRPL19/MRP49/RSM26/RSM22/MRPS35/MRPS12/MRPL31",7
