"ID","Description","GeneRatio","BgRatio","pvalue","p.adjust","qvalue","geneID","Count"
"R-SCE-1430728","Metabolism","9/14","47/205",0.000705736861407691,0.0077631054754846,0.00520016634721457,"853169/852639/850614/852296/855227/851335/851418/852177/855653",9
