"ID","Description","GeneRatio","BgRatio","pvalue","p.adjust","qvalue","geneID","Count"
"sce00480","Glutathione metabolism","4/21","13/672",0.000422155594343241,0.00595050819512127,0.00443678242618691,"854744/853427/853091/853665",4
"sce00240","Pyrimidine metabolism","4/21","14/672",0.000578947113392807,0.00595050819512127,0.00443678242618691,"853311/854744/853427/853091",4
"sce01100","Metabolic pathways","16/21","270/672",0.000743813524390158,0.00595050819512127,0.00443678242618691,"853311/853757/854744/856791/853427/855227/856234/856819/850569/853091/853665/853395/851582/851158/850614/855149",16
