"ID","Description","GeneRatio","BgRatio","pvalue","p.adjust","qvalue","geneID","Count"
"R-SCE-6791226","Major pathway of rRNA processing in the nucleolus and cytosol","14/31","49/418",9.1207546314115e-07,1.27690564839761e-05,1.21610061752153e-05,"853397/855118/852060/852754/855068/856574/853335/850422/853762/850883/852282/856255/855884/856267",14
"R-SCE-72312","rRNA processing","14/31","49/418",9.1207546314115e-07,1.27690564839761e-05,1.21610061752153e-05,"853397/855118/852060/852754/855068/856574/853335/850422/853762/850883/852282/856255/855884/856267",14
"R-SCE-8868773","rRNA processing in the nucleus and cytosol","14/31","49/418",9.1207546314115e-07,1.27690564839761e-05,1.21610061752153e-05,"853397/855118/852060/852754/855068/856574/853335/850422/853762/850883/852282/856255/855884/856267",14
"R-SCE-8953854","Metabolism of RNA","20/31","155/418",0.00119940281249814,0.0125937295312304,0.0119940281249814,"853397/854118/855118/852060/852754/855068/856574/853335/850422/850716/855150/853762/850883/854868/852282/856255/855884/856267/855415/854029",20
