"ID","Description","GeneRatio","BgRatio","pvalue","p.adjust","qvalue","geneID","Count"
"GO:0032508","DNA duplex unwinding","6/18","12/1049",8.85887183638840e-09,2.5085568564794e-06,2.34909288679206e-06,"YRF1-7/YRF1-3/YRF1-6/YRF1-5/YRF1-8/YRF1-1",6
"GO:0032392","DNA geometric change","6/18","13/1049",1.62893302368792e-08,2.5085568564794e-06,2.34909288679206e-06,"YRF1-7/YRF1-3/YRF1-6/YRF1-5/YRF1-8/YRF1-1",6
"GO:0000723","telomere maintenance","5/18","13/1049",9.67388005499707e-07,7.44888764234774e-05,6.97537667123473e-05,"YRF1-7/YRF1-3/YRF1-6/YRF1-5/YRF1-1",5
"GO:0060249","anatomical structure homeostasis","5/18","13/1049",9.67388005499707e-07,7.44888764234774e-05,6.97537667123473e-05,"YRF1-7/YRF1-3/YRF1-6/YRF1-5/YRF1-1",5
"GO:0032200","telomere organization","5/18","15/1049",2.21043185321529e-06,0.000136162602158062,0.000127507016374945,"YRF1-7/YRF1-3/YRF1-6/YRF1-5/YRF1-1",5
"GO:0006310","DNA recombination","5/18","17/1049",4.46028248415166e-06,0.000228961167519785,0.000214406561518869,"YRF1-7/YRF1-3/YRF1-6/YRF1-5/YRF1-1",5
"GO:0071103","DNA conformation change","6/18","40/1049",2.77873442778711e-05,0.00122264314822633,0.00114492215520852,"YRF1-7/YRF1-3/YRF1-6/YRF1-5/YRF1-8/YRF1-1",6
"GO:0051276","chromosome organization","7/18","96/1049",0.000595136579746264,0.0229127583202312,0.0214562398487469,"YRF1-7/YRF1-3/YRF1-6/YRF1-5/YRF1-8/YRF1-1/HOG1",7
"GO:0042592","homeostatic process","5/18","53/1049",0.00141284852037622,0.0483508160306528,0.0452772508284308,"YRF1-7/YRF1-3/YRF1-6/YRF1-5/YRF1-1",5
