"ID","Description","GeneRatio","BgRatio","pvalue","p.adjust","qvalue","geneID","Count"
"sce00730","Thiamine metabolism","3/20","11/1441",0.000351977633253143,0.00604687297818318,0.00514106609481161,"856625/851299/852390",3
"sce00740","Riboflavin metabolism","3/20","12/1441",0.00046514407524486,0.00604687297818318,0.00514106609481161,"856625/851299/852390",3
