"ID","Description","GeneRatio","BgRatio","pvalue","p.adjust","qvalue","geneID","Count"
"R-SCE-1430728","Metabolism","12/17","162/568",0.000317563120187455,0.0107971460863735,0.0100283090585512,"853311/855227/856234/850569/853665/853395/851582/851158/850614/856365/855149/853833",12
