"ID","Description","GeneRatio","BgRatio","pvalue","p.adjust","qvalue","geneID","Count"
"GO:0006817","phosphate ion transport","1/2","11/2809",0.0078180228589626,0.0482778695665846,0.022233229405664,"PHO89",1
"GO:0098661","inorganic anion transmembrane transport","1/2","12/2809",0.00852723084834184,0.0482778695665846,0.022233229405664,"PHO89",1
"GO:0098787","mRNA cleavage involved in mRNA processing","1/2","12/2809",0.00852723084834184,0.0482778695665846,0.022233229405664,"MPE1",1
"GO:0098789","pre-mRNA cleavage required for polyadenylation","1/2","12/2809",0.00852723084834184,0.0482778695665846,0.022233229405664,"MPE1",1
"GO:0006379","mRNA cleavage","1/2","14/2809",0.00994488614638123,0.0482778695665846,0.022233229405664,"MPE1",1
"GO:0000209","protein polyubiquitination","1/2","17/2809",0.0120694673916462,0.0482778695665846,0.022233229405664,"MPE1",1
"GO:0006378","mRNA polyadenylation","1/2","17/2809",0.0120694673916462,0.0482778695665846,0.022233229405664,"MPE1",1
"GO:0015698","inorganic anion transport","1/2","17/2809",0.0120694673916462,0.0482778695665846,0.022233229405664,"PHO89",1
