"ID","Description","GeneRatio","BgRatio","pvalue","p.adjust","qvalue","geneID","Count"
"sce03010","Ribosome","12/18","124/428",0.000788281096024069,0.00630624876819255,0.00580838702333524,"852443/853578/851937/851611/852754/855826/850716/855150/856384/856094/855415/854029",12
