"ID","Description","GeneRatio","BgRatio","pvalue","p.adjust","qvalue","geneID","Count"
"R-SCE-168928","Saccharomyces cerevisiae: DDX58/IFIH1-mediated induction of interferon-alpha/beta","7/28","10/1189",2.06997960704245e-10,1.3454867445776e-08,1.04588443303198e-08,"855377/854906/854630/853231/856335/853969/854658",7
"R-SCE-936440","Saccharomyces cerevisiae: Negative regulators of DDX58/IFIH1 signaling","7/28","10/1189",2.06997960704245e-10,1.3454867445776e-08,1.04588443303198e-08,"855377/854906/854630/853231/856335/853969/854658",7
"R-SCE-5689880","Saccharomyces cerevisiae: Ub-specific processing proteases","7/28","56/1189",0.000192829623258463,0.00835595034120007,0.00649531362554824,"855377/854906/854630/853231/856335/853969/854658",7
"R-SCE-5688426","Saccharomyces cerevisiae: Deubiquitination","7/28","60/1189",0.00030114393150699,0.00978717777397716,0.0076078466907029,"855377/854906/854630/853231/856335/853969/854658",7
"R-SCE-975956","Saccharomyces cerevisiae: Nonsense Mediated Decay (NMD) independent of the Exon Junction Complex (EJC)","8/28","100/1189",0.00142842419784861,0.0371390291440638,0.0288692048407298,"855155/855925/854673/850882/851990/852111/853969/854658",8
"R-SCE-927802","Saccharomyces cerevisiae: Nonsense-Mediated Decay (NMD)","8/28","106/1189",0.00210341206384145,0.0390633668999126,0.0303650463351548,"855155/855925/854673/850882/851990/852111/853969/854658",8
"R-SCE-975957","Saccharomyces cerevisiae: Nonsense Mediated Decay (NMD) enhanced by the Exon Junction Complex (EJC)","8/28","106/1189",0.00210341206384145,0.0390633668999126,0.0303650463351548,"855155/855925/854673/850882/851990/852111/853969/854658",8
